Site ID,Facility Type,Facility Subtype,Facility ID,Freestyle Features,Moguls,Tow,Slope Type,Surface Type,Artificial Sports Lighting,Skiable Length,Skiable Width,Operational Status,Operational Status Notes,Operator Name,Date Opened,Expected Opening Date,Accessibility Type (Text),Accessibility Type Group (Text),Management Type (Text),Management Type Group (Text),Disability: Activity Area,Disability: Changing Facilities,Disability: Doorways,Disability: Emergency Exits,Disability: Finding and reaching the entrance,Disability: Parking,Disability: Reception Area,Disability: Social Areas,Disability: Spectator Areas,Disability: Toilets,Changing Place Toilets,Disability Notes,Year Built,Year Built Estimated?,Is Refurbished?,Year Refurbished,Has changing rooms?,Are changing rooms refurbished?,Year changing rooms refurbished,Timing Type,Seasonality Type,Start Month,End Month,Closed Date,Closure Reason,Last Updated Date,Meets Active Places Criteria,Easting,Northing,Latitude,Longitude,Created Date
1011605,11,11001,2009190,2,0,1,2,20,1,90.0,30.0,3,This is the main teaching and recreational slope built in 1973 and reconstructed in 2004.  In 2014 we replaced the surface of the slope whilst widening it to incorporate some waves / rollers.  We also replaced the drag lift with a new one.,North Staffs Ski Club Ltd,,,Sports Club / Community Association,Public Access,Sport Club,Others,0,0,1,1,0,1,1,1,0,1,0,The slope is situated in a public park and is at the bottom of a steep path.  By prior arrangement persons can be allowed access through the park.,1973,0,1,2014,0,0,,2,2,9,6,,,2026-01-08 17:47:56,1,383701,353334,53.077,-2.244735,
1011605,11,11001,4149674,1,0,1,10,20,1,95.0,20.0,3,"This is a dedicated freestyle slope created in 2014 next to the original slope.  It has permanently set out jumps, rails and boxes.",North Staffs Ski Club Ltd,2014-09-14,,Sports Club / Community Association,Public Access,Sport Club,Others,0,0,1,1,0,1,1,1,0,1,0,The slope is situated in a public park and is at the bottom of a steep path.  By prior arrangement persons can be allowed access through the park.,2014,0,0,,0,0,,2,2,9,6,,,2026-01-08 17:47:56,1,383701,353334,53.077,-2.244735,
1011586,11,11002,2009134,3,0,1,2,22,0,600.0,200.0,3,Open only when there is sufficient snow cover.,,,,Registered Membership use,Public Access,Sport Club,Others,1,1,1,1,1,1,1,0,0,1,0,,1976,0,0,,1,1,2005,1,2,11,4,,,2026-01-02 15:31:13,1,377397,537752,54.73425,-2.352545,
1011586,11,11002,2009135,3,0,1,2,22,0,600.0,60.0,3,Open only when there is sufficient snow cover.,,,,Registered Membership use,Public Access,Commercial Management,Commercial,1,1,1,1,1,1,1,0,0,1,0,,1976,0,0,,1,1,2005,1,2,11,4,,,2026-01-02 15:31:13,1,377397,537752,54.73425,-2.352545,
1011586,11,11002,2009136,3,0,1,3,22,0,600.0,60.0,3,Open only when there is sufficient snow cover.,,,,Registered Membership use,Public Access,Commercial Management,Commercial,1,1,1,1,1,1,1,0,0,1,0,,1976,0,0,,1,1,2005,1,2,11,4,,,2026-01-02 15:31:13,1,377397,537752,54.73425,-2.352545,
1011584,11,11001,2009129,3,0,1,1,21,1,32.0,11.0,3,,,,,Sports Club / Community Association,Public Access,Trust,Trust,1,1,1,1,1,1,1,1,0,1,2,"Changing Facilities: Residential provision for 4 wheelchair users, Activity Areas: Adapted ski, canoe & abseil equipment",1968,0,1,2003,1,0,,2,1,1,12,,,2025-01-14 12:46:40,1,554373,133079,51.07627,0.2023135,
1011584,11,11001,2009130,3,0,1,2,21,1,80.0,12.0,3,,,,,Sports Club / Community Association,Public Access,Commercial Management,Commercial,1,1,1,1,1,1,1,1,0,1,0,"Changing Facilities: Residential provision for 4 wheelchair users, Activity Areas: Adapted ski, canoe & abseil equipment",1979,0,1,1999,1,0,,2,1,1,12,,,2025-01-14 12:46:40,1,554373,133079,51.07627,0.2023135,
1011585,11,11003,2009131,3,0,1,1,22,,40.0,37.0,3,,,,,Pay and Play,Public Access,Commercial Management,Commercial,1,1,1,1,1,1,1,1,0,1,0,,2003,0,0,,1,0,,2,1,1,12,,,2025-09-08 15:14:00,1,443596,423933,53.71003,-1.340993,
1011585,11,11003,2009132,2,1,1,3,22,,170.0,40.0,3,,,,,Pay and Play,Public Access,Commercial Management,Commercial,1,1,1,1,1,1,1,1,0,1,0,,2003,0,0,,1,0,,2,1,1,12,,,2025-09-08 15:14:00,1,443596,423933,53.71003,-1.340993,
1011587,11,11001,2009137,1,0,1,3,21,1,30.0,15.0,3,Ramp.,,,,Sports Club / Community Association,Public Access,Sport Club,Others,1,1,1,1,1,0,1,0,1,1,2,,1971,0,1,2011,1,1,2011,2,1,1,12,,,2025-07-04 11:39:36,1,339833,556769,54.90201,-2.939795,
1011587,11,11001,2009138,3,1,1,2,21,1,50.0,20.0,3,Includes mogul section.,,,,Sports Club / Community Association,Public Access,Sport Club,Others,1,1,1,1,1,0,1,0,1,1,2,,1971,0,1,2011,1,1,2011,2,1,1,12,,,2025-07-04 11:39:36,1,339833,556769,54.90201,-2.939795,
1011588,11,11001,2009140,3,0,1,1,21,1,20.0,22.0,3,,,,,Pay and Play,Public Access,Sport Club,Others,1,0,0,1,0,0,0,0,0,0,0,,1984,0,1,2009,0,0,,2,1,1,12,,,2025-09-02 13:33:36,1,499113,151754,51.25634,-0.5810544,
1011588,11,11001,2009141,3,0,1,2,21,1,50.0,12.0,3,,,,,Pay and Play,Public Access,Sport Club,Others,1,0,0,1,0,0,0,0,0,0,0,,1984,0,1,2009,0,0,,2,1,1,12,,,2025-09-02 13:33:36,1,499113,151754,51.25634,-0.5810544,
1011588,11,11001,2009142,3,0,1,2,21,1,40.0,12.0,3,Dedicated donuting slope.,,,,Pay and Play,Public Access,Sport Club,Others,1,0,0,1,0,0,0,0,0,0,0,,1984,0,1,2009,0,0,,2,1,1,12,,,2025-09-02 13:33:36,1,499113,151754,51.25634,-0.5810544,
1011589,11,11001,2009143,2,0,1,2,21,1,110.0,28.0,3,New Ramps and New Mats. no changing rooms on site. area set aside for fitting of boots and skis. Sprinkler system installed to allow for wet skiing all year round,,,,Pay and Play,Public Access,Sport Club,Others,0,0,0,0,0,0,0,0,0,0,0,,1963,0,1,2024,0,0,,2,1,1,12,,,2025-12-04 10:52:08,1,290062,67068,50.49306,-3.55128,
1011595,11,11001,2009165,3,0,1,1,21,1,40.0,15.0,3,,,,,Sports Club / Community Association,Public Access,Commercial Management,Commercial,1,1,1,1,1,0,1,0,0,1,0,,1984,0,1,2000,1,1,2013,2,1,1,12,,,2025-01-14 14:21:38,1,354820,381109,53.32498,-2.67977,
1011595,11,11001,2009166,3,0,1,2,21,1,90.0,25.0,3,,,,,Sports Club / Community Association,Public Access,Commercial Management,Commercial,1,1,1,1,1,0,1,0,0,1,0,,1984,0,1,2002,1,1,2013,2,1,1,12,,,2025-01-14 14:21:38,1,354820,381109,53.32498,-2.67977,
1011596,11,11001,2009167,3,0,1,1,21,1,32.0,35.0,3,,,,,Pay and Play,Public Access,Commercial Management,Commercial,0,0,1,1,1,0,1,0,0,1,0,,1986,0,1,2009,0,0,,2,1,1,12,,,2025-01-14 14:27:42,1,578329,164956,51.35569,0.5597885,
1011596,11,11001,2009168,3,0,2,3,21,1,220.0,35.0,3,Undergoing resurfacing - June 2022 ,,,,Pay and Play,Public Access,Commercial Management,Commercial,0,0,1,1,1,0,1,0,0,1,0,,1986,0,1,2022,0,0,,2,1,1,12,,,2025-01-14 14:27:42,1,578329,164956,51.35569,0.5597885,
1011597,11,11001,2009169,3,0,1,1,20,1,20.0,35.0,3,,,,,Pay and Play,Public Access,Commercial Management,Commercial,1,0,1,1,1,1,1,1,1,1,0,,1989,0,1,2004,0,0,,2,1,1,12,,,2025-01-14 14:50:33,1,251427,57378,50.39744,-4.09179,
1011597,11,11001,2009171,3,0,1,3,21,1,130.0,20.0,3,,,,,Pay and Play,Public Access,Commercial Management,Commercial,1,0,1,1,1,1,1,1,1,1,0,,1989,0,1,2023,0,0,,2,1,1,12,,,2025-01-14 14:50:33,1,251427,57378,50.39744,-4.09179,
1011599,11,11001,2009177,1,1,3,2,20,1,80.0,45.0,3,Slope includes mogul section.,,,,Sports Club / Community Association,Public Access,Sport Club,Others,1,1,1,1,1,1,1,0,1,1,0,"Reception Area: Low counter height, Activity Areas: Dedicated equipment",1984,0,1,2004,1,0,,2,1,1,12,,,2025-09-15 10:25:28,1,352134,492674,54.32739,-2.737504,
1011600,11,11002,2009179,3,0,1,3,22,0,300.0,40.0,3,,,,,Registered Membership use,Public Access,Sport Club,Others,0,0,0,0,0,0,0,0,0,0,0,,1936,0,0,,1,0,,1,2,11,4,,,2025-12-23 11:29:28,1,334606,517757,54.55082,-3.012524,
1011610,11,11003,2009208,3,0,1,1,22,,135.0,20.0,3,,,,,Pay and Play,Public Access,Commercial Management,Commercial,1,1,1,1,1,1,1,1,1,1,0,,2000,0,1,2005,1,0,,2,1,1,12,,,2025-01-14 13:03:31,1,485946,238873,52.04162,-0.7482941,
1011610,11,11003,2009209,3,0,1,3,22,,175.0,20.0,3,,,,,Pay and Play,Public Access,Commercial Management,Commercial,1,1,1,1,1,1,1,1,1,1,0,,2000,0,1,2005,1,0,,2,1,1,12,,,2025-01-14 13:03:31,1,485946,238873,52.04162,-0.7482941,
1011610,11,11003,2009210,3,0,1,3,22,,175.0,20.0,3,,,,,Pay and Play,Public Access,Commercial Management,Commercial,1,1,1,1,1,1,1,1,1,1,0,,2000,0,1,2005,1,0,,2,1,1,12,,,2025-01-14 13:03:31,1,485946,238873,52.04162,-0.7482941,
1004696,11,11001,2028218,3,1,1,1,21,1,35.0,25.0,3,,,,,Sports Club / Community Association,Public Access,Sport Club,Others,1,1,1,1,1,1,1,1,1,1,0,,1973,0,1,2009,1,1,2008,2,2,9,5,,,2025-09-23 10:41:15,1,332842,384994,53.35756,-3.01051,
1011595,11,11001,2039410,3,0,1,1,21,1,25.0,15.0,3,,,,,Sports Club / Community Association,Public Access,Commercial Management,Commercial,1,1,1,1,1,0,1,0,0,1,0,,2005,0,0,,1,1,2013,2,1,1,12,,,2025-01-14 14:21:38,1,354820,381109,53.32498,-2.67977,
1011597,11,11001,30018305,3,0,1,1,20,0,30.0,20.0,3,,,,,Pay and Play,Public Access,Commercial Management,Commercial,1,1,1,1,1,1,1,1,1,1,0,,2000,1,0,,1,0,,2,1,1,12,,,2025-01-14 14:50:33,1,251427,57378,50.39744,-4.09179,2019-04-08 12:35:03
1002925,11,11001,2009102,3,0,1,1,21,1,70.0,35.0,3,,GLL,,,Pay and Play,Public Access,Trust,Trust,1,1,1,1,1,1,1,1,1,1,0,,1991,0,0,,1,0,,2,1,1,12,,,2025-04-16 10:50:47,1,523342,211738,51.79071,-0.2130262,
1002925,11,11001,2009103,3,0,1,3,21,1,160.0,20.0,3,,GLL,,,Pay and Play,Public Access,Trust,Trust,1,1,1,1,1,1,1,1,1,1,0,,1991,0,0,,1,1,2008,2,1,1,12,,,2025-04-16 10:50:47,1,523342,211738,51.79071,-0.2130262,
1003924,11,11003,2009104,3,0,1,1,20,,20.0,8.0,3,,,,,Pay and Play,Public Access,Local Authority (in house),Local Authority,1,1,1,1,1,1,1,1,0,1,0,,1963,0,1,1996,1,1,2014,2,1,1,12,,,2025-01-15 15:13:29,1,448832,102395,50.81905,-1.308152,
1003924,11,11003,2009106,2,0,1,1,20,,42.0,10.0,3,,,,,Pay and Play,Public Access,Local Authority (in house),Local Authority,1,1,1,1,1,1,1,1,0,1,0,,1963,0,1,1996,1,1,2014,2,1,1,12,,,2025-01-15 15:13:29,1,448832,102395,50.81905,-1.308152,
1011581,11,11001,2009118,3,0,1,1,21,1,27.0,12.0,3,,,,,Pay and Play,Public Access,Sport Club,Others,1,0,1,0,1,0,1,0,0,0,0,,1969,0,1,2004,0,0,,2,1,1,12,,,2025-01-15 16:02:04,1,293070,93003,50.72676,-3.516369,
1011581,11,11001,2009119,3,0,1,2,21,1,80.0,25.0,3,,,,,Pay and Play,Public Access,Sport Club,Others,1,0,1,0,1,0,1,0,0,0,0,,1969,0,1,2004,0,0,,2,1,1,12,,,2025-01-15 16:02:04,1,293070,93003,50.72676,-3.516369,
1011583,11,11001,2009123,3,0,1,1,21,1,40.0,20.0,3,"Opening times are due to change coming the 1st May 2016.
Monday And Friday - 10am- 8pm.
Tuesday, Wednesday, Friday- 10am-10pm
Weekends- 12noon- 6pm. ",,,,Pay and Play,Public Access,Commercial Management,Commercial,0,1,1,1,1,1,1,1,1,1,0,Have steps going down towards the slopes. ,1972,0,0,,1,0,,2,1,1,12,,,2025-07-30 12:31:08,1,559003,191244,51.5976,0.2942997,
1011583,11,11001,2009124,3,0,1,1,21,1,50.0,20.0,3,"Opening times are due to change coming the 1st May 2016.
Monday And Friday - 10am- 8pm.
Tuesday, Wednesday, Friday- 10am-10pm
Weekends- 12noon- 6pm. ",,,,Pay and Play,Public Access,Commercial Management,Commercial,0,1,1,1,1,1,1,1,1,1,0,Have Steps going down towards the slopes. ,1972,0,0,,1,0,,2,1,1,12,,,2025-07-30 12:31:08,1,559003,191244,51.5976,0.2942997,
1011583,11,11001,2009125,3,0,1,2,21,1,140.0,15.0,3,"Opening times are due to change coming the 1st May 2016.
Monday And Friday - 10am- 8pm.
Tuesday, Wednesday, Friday- 10am-10pm
Weekends- 12noon- 6pm. ",,,,Pay and Play,Public Access,Commercial Management,Commercial,0,1,1,1,1,1,1,1,1,1,0,Have Steps going down towards the slope. ,1972,0,0,,1,0,,2,1,1,12,,,2025-07-30 12:31:08,1,559003,191244,51.5976,0.2942997,
1011583,11,11001,2009126,3,0,1,10,21,1,80.0,15.0,3,,,,,Pay and Play,Public Access,Commercial Management,Commercial,0,1,1,1,1,1,1,1,1,1,0,Have Steps going down towards the slopes. ,1972,0,0,,1,0,,2,1,1,12,,,2025-07-30 12:31:08,1,559003,191244,51.5976,0.2942997,
1011602,11,11001,2009182,3,0,1,1,21,1,45.0,15.0,3,,,,,Registered Membership use,Public Access,Commercial Management,Commercial,1,0,1,1,1,1,1,1,1,1,0,,2000,0,1,2005,0,0,,2,1,1,12,,,2025-04-07 07:36:45,1,409315,427173,53.74087,-1.860255,
1011602,11,11001,2009183,1,1,1,3,20,1,100.0,25.0,3,,,,,Registered Membership use,Public Access,Commercial Management,Commercial,1,0,1,1,1,1,1,1,1,1,0,,2000,0,1,2005,0,0,,2,1,1,12,,,2025-04-07 07:36:45,1,409315,427173,53.74087,-1.860255,
1011604,11,11001,2009187,3,0,1,1,20,1,45.0,32.0,3,,,,,Pay and Play,Public Access,Sport Club,Others,1,0,1,1,1,1,1,1,1,1,0,,1968,0,1,2004,1,1,2019,2,1,1,12,,,2025-01-15 16:26:20,1,624903,307075,52.61487,1.320748,
1011604,11,11001,2009188,1,0,1,3,21,1,160.0,40.0,3,,,,,Pay and Play,Public Access,Commercial Management,Commercial,1,1,1,1,1,1,1,1,1,1,0,,1977,0,1,1996,1,1,2005,2,1,1,12,,,2025-01-15 16:26:20,1,624903,307075,52.61487,1.320748,
1011604,11,11001,2009189,3,1,1,10,20,1,40.0,10.0,3,Dedicated mogul section next to main slope.,,,,Pay and Play,Public Access,Sport Club,Others,1,0,1,1,1,1,1,1,1,1,0,,1968,0,1,2010,1,1,2019,2,1,1,12,,,2025-01-15 16:26:20,1,624903,307075,52.61487,1.320748,
1011606,11,11002,2009192,3,0,1,2,22,0,100.0,50.0,3,,,,,Registered Membership use,Public Access,Sport Club,Others,0,0,0,0,0,0,0,0,0,0,2,,1955,0,0,,0,0,,2,2,11,3,,,2025-07-21 12:07:56,1,385341,546118,54.80972,-2.229594,
1011617,11,11001,2009229,3,0,1,1,21,1,30.0,8.0,3,,Places Leisure,,,Pay and Play,Public Access,Commercial Management,Commercial,1,0,1,1,1,1,1,0,1,1,0,,1973,0,1,2003,0,0,,2,1,1,12,,,2025-04-04 14:01:38,1,441099,116056,50.94248,-1.416388,
1011617,11,11001,2009230,3,0,1,2,21,1,80.0,20.0,3,,Places Leisure,,,Pay and Play,Public Access,Commercial Management,Commercial,1,0,1,1,1,1,1,0,1,1,0,,1973,0,1,2003,0,0,,2,1,1,12,,,2025-04-04 14:01:38,1,441099,116056,50.94248,-1.416388,
1011617,11,11001,2009231,3,0,1,3,21,1,120.0,10.0,3,,Places Leisure,,,Pay and Play,Public Access,Commercial Management,Commercial,1,0,1,1,1,1,1,0,1,1,0,,1973,0,1,2003,0,0,,2,1,1,12,,,2025-04-04 14:01:38,1,441099,116056,50.94248,-1.416388,
1011618,11,11001,2009232,1,0,1,10,21,1,100.0,20.0,3,Nursery section below ramp.,,,,Pay and Play,Public Access,Commercial Management,Commercial,1,1,1,1,1,1,1,1,1,1,0,Finding/Reaching Entrance: Dropped kerbs & ramp.,2004,0,1,2013,1,0,,2,1,1,12,,,2025-01-15 14:34:13,1,386852,347977,53.02893,-2.197491,
1011618,11,11001,2009233,3,0,1,2,21,1,100.0,25.0,3,,,,,Pay and Play,Public Access,Commercial Management,Commercial,1,1,1,1,1,1,1,1,1,1,0,Finding/Reaching Entrance: Dropped kerbs & ramp.,1988,0,1,2013,1,0,,2,1,1,12,,,2025-01-15 14:34:13,1,386852,347977,53.02893,-2.197491,
1011618,11,11001,2009234,3,1,2,3,21,1,150.0,15.0,3,,,,,Pay and Play,Public Access,Commercial Management,Commercial,1,1,1,1,1,1,1,1,1,1,0,Finding/Reaching Entrance: Dropped kerbs & ramps,1988,0,1,2016,1,0,,2,1,1,12,,,2025-01-15 14:34:13,1,386852,347977,53.02893,-2.197491,
1011619,11,11001,2009236,3,0,1,1,20,1,40.0,15.0,3,,,,,Registered Membership use,Public Access,Commercial Management,Commercial,1,0,1,1,0,0,1,1,1,1,0,,1965,0,1,2004,0,0,,2,1,1,12,,,2025-01-15 16:39:07,1,377208,439012,53.84686,-2.347906,
1011619,11,11001,2009237,3,0,1,3,21,1,155.0,16.0,3,,,,,Registered Membership use,Public Access,Commercial Management,Commercial,1,0,1,1,0,0,1,1,1,1,0,,1965,0,1,2010,0,0,,2,1,1,12,,,2025-01-15 16:39:07,1,377208,439012,53.84686,-2.347906,
1011623,11,11001,2009238,1,0,2,2,20,1,110.0,25.0,3,,Hazel Jaggers,,,Pay and Play,Public Access,Commercial Management,Commercial,1,0,1,1,1,1,1,1,1,1,0,,2002,0,1,2011,1,0,,1,2,10,4,,,2026-01-09 16:11:53,1,557230,109476,50.86342,0.2328759,
1011628,11,11001,2009246,3,0,1,1,21,1,68.0,12.0,5,,,,,Pay and Play,Public Access,Trust,Trust,1,0,1,1,1,0,1,1,1,1,0,,1975,0,1,2006,0,0,,2,1,1,12,2025-04-02,201,2025-04-04 13:57:25,1,487389,151575,51.25665,-0.7490615,
1011628,11,11001,2009247,3,0,1,1,21,1,75.0,9.0,5,,,,,Pay and Play,Public Access,Trust,Trust,1,0,1,1,1,0,1,1,1,1,0,,1994,0,1,2006,0,0,,2,1,1,12,2025-04-02,201,2025-04-04 13:57:25,1,487389,151575,51.25665,-0.7490615,
1011628,11,11001,2009248,1,0,1,3,21,1,95.0,10.0,5,,,,,Pay and Play,Public Access,Trust,Trust,1,0,1,1,1,0,1,1,1,1,0,,1975,0,1,2006,0,0,,2,1,1,12,2025-04-02,201,2025-04-04 13:57:25,1,487389,151575,51.25665,-0.7490615,
1018722,11,11003,2038408,2,1,1,2,22,,180.0,40.0,3,,,,,Pay and Play,Public Access,Commercial Management,Commercial,1,1,1,1,1,1,1,1,1,1,0,,2007,0,0,,1,0,,2,1,1,12,,,2025-04-16 12:38:35,1,376100,396871,53.46804,-2.361492,
1018722,11,11003,2038409,3,0,1,1,22,,60.0,20.0,3,,,,,Pay and Play,Public Access,Commercial Management,Commercial,1,1,1,1,1,1,1,1,1,1,0,,2007,0,0,,1,0,,2,1,1,12,,,2025-04-16 12:38:35,1,376100,396871,53.46804,-2.361492,
1011604,11,11001,2039409,3,0,1,2,20,1,100.0,20.0,3,,,,,Pay and Play,Public Access,Sport Club,Others,1,0,1,1,1,1,1,1,1,1,0,,2005,0,0,,1,1,2019,2,1,1,12,,,2025-01-15 16:26:20,1,624903,307075,52.61487,1.320748,
1011603,11,11001,2009185,3,0,1,1,21,1,33.0,26.0,3,,,,,Pay and Play,Public Access,Commercial Management,Commercial,1,1,1,1,1,1,0,1,1,1,0,,1990,0,1,1997,1,0,,2,1,1,12,,,2025-01-16 13:09:04,1,509974,309034,52.66789,-0.3751519,
1011603,11,11001,2009186,2,0,1,3,21,1,100.0,18.0,3,,,,,Pay and Play,Public Access,Commercial Management,Commercial,1,1,1,1,1,1,0,1,1,1,0,,1990,0,1,1997,1,0,,2,1,1,12,,,2025-01-16 13:09:04,1,509974,309034,52.66789,-0.3751519,
1011608,11,11001,2009200,3,0,1,1,21,1,22.0,25.0,3,,,,,Pay and Play,Public Access,Commercial Management,Commercial,1,1,1,1,1,1,1,1,1,1,0,,1999,0,1,2004,1,0,,2,1,1,12,,,2025-01-16 16:12:26,1,615672,241181,52.0271,1.142399,
1011608,11,11001,2009201,3,0,1,1,21,1,40.0,8.0,3,,,,,Pay and Play,Public Access,Commercial Management,Commercial,1,1,1,1,1,1,1,1,1,1,0,,1999,0,1,2004,1,0,,2,1,1,12,,,2025-01-16 16:12:26,1,615672,241181,52.0271,1.142399,
1011608,11,11001,2009202,1,0,2,3,21,1,160.0,25.0,3,,,,,Pay and Play,Public Access,Commercial Management,Commercial,1,1,1,1,1,1,1,1,1,1,0,,1979,0,1,2004,1,0,,2,1,1,12,,,2025-01-16 16:12:26,1,615672,241181,52.0271,1.142399,
1011609,11,11001,2009206,3,0,1,1,21,1,30.0,8.0,3,,,,,Pay and Play,Public Access,Local Authority (in house),Local Authority,1,1,1,1,1,1,1,1,1,1,0,,1974,0,1,2024,1,1,2018,2,1,1,12,,,2025-01-16 12:52:12,1,369631,304883,52.64085,-2.450221,
1011609,11,11001,2009207,3,0,1,2,21,1,85.0,22.0,3,,,,,Pay and Play,Public Access,Local Authority (in house),Local Authority,1,1,1,1,1,1,1,1,1,1,0,,1974,0,1,2024,1,1,2018,2,1,1,12,,,2025-01-16 12:52:12,1,369631,304883,52.64085,-2.450221,
1011613,11,11002,2009217,3,0,1,2,22,0,500.0,30.0,3,,,,,Registered Membership use,Public Access,Sport Club,Others,0,0,0,0,0,0,0,0,0,0,0,,1963,0,0,,0,0,,1,2,11,4,,,2025-11-17 10:57:14,1,389569,534123,54.70203,-2.163389,
1011614,11,11003,2009224,3,0,1,1,22,,30.0,20.0,3,,,,,Pay and Play,Public Access,Commercial Management,Commercial,1,1,1,1,1,1,1,1,1,1,0,,2002,0,1,2013,1,1,2013,2,1,1,12,,,2025-03-03 11:59:32,1,420970,303556,52.62938,-1.691613,
1011582,11,11001,2009120,3,0,2,1,20,1,55.0,35.0,3,,,,,Pay and Play,Public Access,Commercial Management,Commercial,1,0,1,1,1,1,1,1,1,1,0,"Finding/Reaching Entrance: Ramp, Reception Area: Ramp Access",1973,0,1,2016,1,1,2016,2,1,1,12,,,2025-03-04 12:22:54,1,380317,423076,53.70375,-2.299632,
1001298,11,11001,2009098,3,0,1,1,21,1,30.0,12.0,3,,,,,Registered Membership use,Public Access,Commercial Management,Commercial,0,0,0,1,1,0,1,1,0,0,0,"Finding/Reaching Entrance: Ramp, Emergency Exits: Ramp",1972,0,1,2024,1,1,2024,2,1,1,12,,,2025-10-27 12:09:56,1,513900,165041,51.37301,-0.3649985,
1001298,11,11001,2009101,1,0,1,3,21,1,200.0,40.0,3,,,,,Registered Membership use,Public Access,Commercial Management,Commercial,0,0,0,1,1,0,1,1,0,0,0,"Finding/Reaching Entrance: Ramp, Emergency Exits: Ramp",1972,0,1,2024,1,1,2024,2,1,1,12,,,2025-10-27 12:09:56,1,513900,165041,51.37301,-0.3649985,
1011578,11,11001,2009111,3,0,1,1,20,1,22.0,15.0,3,,,,,Pay and Play,Public Access,Commercial Management,Commercial,1,1,1,1,1,1,1,1,1,1,0,Full disability access is available for the Health and Fitness suite and the Swimming Pool. There is very limited access to the Ski Slopes as these have steps to them.,1985,0,1,2014,1,0,,2,1,1,12,,,2025-03-31 08:19:58,1,376233,87713,50.68858,-2.337798,
1011578,11,11001,2009112,3,0,1,2,20,1,110.0,23.0,3,,,,,Pay and Play,Public Access,Commercial Management,Commercial,1,1,1,1,1,1,1,1,1,1,0,Full disability access is available for the Health and Fitness suite and the Swimming Pool. There is very limited access to the Ski Slopes as these have steps to them.,1985,0,1,2014,1,0,,2,1,1,12,,,2025-03-31 08:19:58,1,376233,87713,50.68858,-2.337798,
1011579,11,11001,2009113,3,2,1,1,21,1,30.0,15.0,3,,,,,Pay and Play,Public Access,Trust,Trust,1,1,1,1,1,1,1,1,1,1,0,,1981,0,1,2010,1,1,2018,2,1,1,12,,,2025-12-17 10:40:07,1,410153,284471,52.45811,-1.852003,
1011579,11,11001,2009114,1,0,1,2,21,1,100.0,30.0,3,,,,,Pay and Play,Public Access,Trust,Trust,1,1,1,1,1,1,1,1,1,1,0,,1981,0,1,2010,1,1,2018,2,1,1,12,,,2025-12-17 10:40:07,1,410153,284471,52.45811,-1.852003,
1011594,11,11001,2009159,3,2,1,1,21,1,33.0,13.0,3,255 metre main slope,Gloucester Sport & Leisure Ltd,1973-06-19,,Pay and Play,Public Access,Commercial Management,Commercial,1,1,1,1,1,1,1,1,1,1,0,,1973,0,1,2012,1,1,2006,2,1,1,12,,,2025-03-19 15:22:52,1,384834,215164,51.83489,-2.221493,
1011594,11,11001,2009160,3,2,1,10,10,1,55.0,12.0,3,,,1973-06-09,,Pay and Play,Public Access,Commercial Management,Commercial,1,1,1,1,1,1,1,1,1,1,0,,1973,0,1,2023,1,1,2006,2,1,1,12,,,2025-03-19 15:22:52,1,384834,215164,51.83489,-2.221493,
1011594,11,11001,2009161,3,0,1,2,21,1,255.0,14.5,3,,,1973-06-09,,Pay and Play,Public Access,Commercial Management,Commercial,1,1,1,1,1,1,1,1,1,1,0,,1973,0,1,2008,1,1,2006,2,1,1,12,,,2025-03-19 15:22:52,1,384834,215164,51.83489,-2.221493,
1011594,11,11001,2009162,2,2,1,2,10,1,230.0,11.0,3,,,1973-06-09,,Pay and Play,Public Access,Commercial Management,Commercial,1,1,1,1,1,1,1,1,1,1,0,,1973,0,1,2008,1,1,2006,2,1,1,12,,,2025-03-19 15:22:52,1,384834,215164,51.83489,-2.221493,
1011591,11,11001,2009148,4,2,0,1,15,1,18.0,34.0,5,,,,,Pay and Play,Public Access,Not Known,Not Known,0,0,0,0,0,0,0,0,0,0,2,,1978,0,1,2000,1,0,,3,1,1,12,2007-06-01,999,2023-10-09 13:41:42,1,506546,206275,51.74506,-0.4581183,
1011591,11,11001,2009149,4,2,1,2,15,1,30.0,14.0,5,,,,,Pay and Play,Public Access,Not Known,Not Known,0,0,0,0,0,0,0,0,0,0,2,,1978,0,1,2000,1,0,,3,1,1,12,2007-06-01,999,2023-10-09 13:41:42,1,506546,206275,51.74506,-0.4581183,
1011591,11,11001,2009150,4,2,1,3,15,1,180.0,0.0,5,,,,,Pay and Play,Public Access,Not Known,Not Known,0,0,0,0,0,0,0,0,0,0,2,,1978,0,1,2003,1,0,,3,1,1,12,2007-06-01,999,2023-10-09 13:41:42,1,506546,206275,51.74506,-0.4581183,
1011593,11,11001,2009155,4,2,1,1,15,1,32.0,25.0,5,,,,,Pay and Play,Public Access,Not Known,Not Known,0,0,0,0,0,0,0,0,0,0,2,,1988,0,1,2004,1,0,,3,1,1,12,2012-04-01,999,2013-11-16 00:00:00,1,434777,389226,53.39875,-1.478427,
1011593,11,11001,2009156,4,2,1,2,15,1,150.0,14.0,5,,,,,Pay and Play,Public Access,Not Known,Not Known,0,0,0,0,0,0,0,0,0,0,2,,1988,0,1,2004,1,0,,3,1,1,12,2012-04-01,999,2013-11-16 00:00:00,1,434777,389226,53.39875,-1.478427,
1011593,11,11001,2009157,4,2,1,3,15,1,230.0,40.0,5,,,,,Pay and Play,Public Access,Not Known,Not Known,0,0,0,0,0,0,0,0,0,0,2,,1988,0,1,2004,1,0,,3,1,1,12,2012-04-01,999,2013-11-16 00:00:00,1,434777,389226,53.39875,-1.478427,
1011601,11,11001,2009180,4,2,1,1,15,1,30.0,30.0,5,,,,,Pay and Play,Public Access,Commercial Management,Commercial,1,0,1,1,1,0,1,1,1,1,2,,1988,0,0,,0,0,,2,1,1,12,2016-03-27,201,2016-06-24 13:54:13,1,547945,169982,51.40957,0.1258582,
1011601,11,11001,2009181,4,2,1,2,15,1,120.0,40.0,5,,,,,Pay and Play,Public Access,Commercial Management,Commercial,1,0,1,1,1,0,1,1,1,1,2,,1988,0,0,,0,0,,2,1,1,12,2016-03-27,201,2016-06-24 13:54:13,1,547945,169982,51.40957,0.1258582,
1011606,11,11002,2009191,3,0,2,2,22,1,100.0,50.0,3,Only open when there is snow,,,,Registered Membership use,Public Access,Sport Club,Others,0,0,0,0,0,0,0,0,0,0,0,,1955,0,0,,0,0,,2,2,11,3,,,2025-07-21 12:07:56,1,385341,546118,54.80972,-2.229594,
1011613,11,11002,2009216,3,0,2,2,22,0,500.0,30.0,3,,,,,Registered Membership use,Public Access,Sport Club,Others,0,0,0,0,0,0,0,0,0,0,0,,1963,0,0,,1,0,,1,2,11,4,,,2025-11-17 10:57:14,1,389569,534123,54.70203,-2.163389,
1011602,11,11001,2009184,4,2,1,10,15,1,60.0,5.0,5,ripped up.,,,,Registered Membership use,Public Access,Commercial Management,Commercial,1,0,1,1,1,1,1,1,1,1,2,,2000,0,1,2005,0,0,,2,1,1,12,2017-08-23,302,2024-01-19 13:49:39,1,409315,427173,53.74087,-1.860255,
1011613,11,11002,2009218,3,0,2,2,22,0,500.0,30.0,3,,,,,Registered Membership use,Public Access,Sport Club,Others,0,0,0,1,0,0,0,0,0,0,0,,1963,0,0,,1,0,,1,2,11,4,,,2025-11-17 10:57:14,1,389569,534123,54.70203,-2.163389,
1011613,11,11002,2009219,3,0,2,2,22,0,500.0,30.0,3,,The Weardale Ski Club Ltd,,,Registered Membership use,Public Access,Sport Club,Others,0,0,0,0,0,0,0,0,0,0,0,,1963,0,0,,0,0,,1,2,11,4,,,2025-11-17 10:57:14,1,389569,534123,54.70203,-2.163389,
1011613,11,11002,2009220,3,0,2,3,22,0,500.0,30.0,3,Only open when sufficient snow to ski,The Weardale Ski Club Ltd,,,Registered Membership use,Public Access,Sport Club,Others,0,0,0,0,0,0,0,0,0,0,0,,1963,0,0,,0,0,,1,2,11,4,,,2025-11-17 10:57:14,1,389569,534123,54.70203,-2.163389,
1011613,11,11002,2009221,3,0,2,3,22,0,500.0,30.0,3,,The Weardale Ski Club Ltd,,,Registered Membership use,Public Access,Sport Club,Others,0,0,0,0,0,0,0,0,0,0,0,,1963,0,0,,0,0,,1,2,11,4,,,2025-11-17 10:57:14,1,389569,534123,54.70203,-2.163389,
1011607,11,11001,2009195,4,2,1,1,15,1,30.0,16.0,5,,,,,Pay and Play,Public Access,Not Known,Not Known,0,0,0,0,0,0,0,0,0,0,2,,1996,0,1,1998,1,0,,3,1,1,12,2005-11-22,999,2015-07-15 00:00:00,1,487964,191241,51.61314,-0.7309804,
1011607,11,11001,2009196,4,2,0,1,15,1,20.0,17.0,5,,,,,Pay and Play,Public Access,Not Known,Not Known,0,0,0,0,0,0,0,0,0,0,2,,1996,0,1,1998,1,0,,3,1,1,12,2005-11-22,999,2015-07-15 00:00:00,1,487964,191241,51.61314,-0.7309804,
1011607,11,11001,2009197,4,2,0,1,15,1,16.0,6.0,5,,,,,Pay and Play,Public Access,Not Known,Not Known,0,0,0,0,0,0,0,0,0,0,2,,1996,0,1,1998,1,0,,3,1,1,12,2005-11-22,999,2015-07-15 00:00:00,1,487964,191241,51.61314,-0.7309804,
1011607,11,11001,2009198,4,2,1,2,15,1,110.0,19.0,5,,,,,Pay and Play,Public Access,Not Known,Not Known,0,0,0,0,0,0,0,0,0,0,2,,1996,0,1,1998,1,0,,3,1,1,12,2005-11-22,999,2015-07-15 00:00:00,1,487964,191241,51.61314,-0.7309804,
1011607,11,11001,2009199,4,2,1,3,15,1,300.0,0.0,5,,,,,Pay and Play,Public Access,Not Known,Not Known,0,0,0,0,0,0,0,0,0,0,2,,1996,0,1,1998,1,0,,3,1,1,12,2005-11-22,999,2015-07-15 00:00:00,1,487964,191241,51.61314,-0.7309804,
1011613,11,11002,2009222,3,0,2,3,22,0,500.0,30.0,3,,The Weardale Ski Club Ltd,,,Registered Membership use,Public Access,Sport Club,Others,0,0,0,0,0,0,0,0,0,0,0,,1963,0,0,,0,0,,1,2,11,4,,,2025-11-17 10:57:14,1,389569,534123,54.70203,-2.163389,
1011613,11,11002,2009223,3,0,2,3,22,0,500.0,30.0,3,,The Weardale Ski Club Ltd,,,Registered Membership use,Public Access,Sport Club,Others,0,0,0,0,0,0,0,0,0,0,0,,1963,0,0,,0,0,,1,2,11,4,,,2025-11-17 10:57:14,1,389569,534123,54.70203,-2.163389,
1011592,11,11001,2009152,3,0,2,3,21,1,165.0,20.0,3,,,,,Pay and Play,Public Access,Commercial Management,Commercial,1,1,1,1,1,1,1,1,1,1,1,Hillside venue with access to bar and toilets via lift. Some areas of site are difficult to access due to landscape.,1978,1,1,2014,1,1,2016,2,1,1,12,,,2025-11-19 17:23:46,1,343421,159333,51.33027,-2.813459,
1011623,11,11001,2009239,4,2,1,2,15,1,110.0,50.0,5,,,,,Pay and Play,Public Access,Commercial Management,Commercial,1,0,1,1,1,1,1,1,1,1,2,,2002,0,1,2011,0,0,,2,1,1,12,2015-12-29,101,2024-02-29 09:53:11,1,557230,109476,50.86342,0.2328759,
1011627,11,11002,2009245,4,2,1,2,15,0,500.0,500.0,5,,,2012-11-01,,Pay and Play,Public Access,Not Known,Not Known,0,0,0,0,0,0,0,0,0,0,2,,1990,0,0,,1,0,,3,1,1,12,2014-09-01,999,2015-08-05 00:00:00,1,379300,535370,54.71292,-2.322824,
1011629,11,11001,2009249,4,2,1,1,15,1,55.0,15.0,5,,,,,Pay and Play,Public Access,Sport Club,Others,1,1,1,1,1,1,0,1,1,1,2,,1990,0,1,2012,1,0,,2,1,1,12,2020-06-07,101,2020-10-20 11:05:03,1,533273,245328,52.09027,-0.05610244,
1011629,11,11001,2009250,4,2,1,2,15,1,85.0,10.0,5,,,,,Pay and Play,Public Access,Sport Club,Others,1,1,1,1,1,1,0,1,1,1,2,,1990,0,1,2008,1,0,,2,1,1,12,2020-06-07,101,2020-10-20 11:05:03,1,533273,245328,52.09027,-0.05610244,
1011593,11,11001,2026333,4,2,1,10,15,1,65.0,20.0,5,,,,,Pay and Play,Public Access,Not Known,Not Known,0,0,0,0,0,0,0,0,0,0,2,,1988,0,1,2004,1,0,,3,1,1,12,2012-04-01,999,2013-11-16 00:00:00,1,434777,389226,53.39875,-1.478427,
1011593,11,11001,2026334,4,2,1,10,15,1,50.0,20.0,5,,,,,Pay and Play,Public Access,Not Known,Not Known,0,0,0,0,0,0,0,0,0,0,2,,1988,0,1,2004,1,0,,3,1,1,12,2012-04-01,999,2013-11-16 00:00:00,1,434777,389226,53.39875,-1.478427,
1011602,11,11001,2038221,4,2,1,1,15,1,40.0,20.0,5,,,,,Pay and Play,Public Access,Not Known,Not Known,0,0,0,0,0,0,0,0,0,0,2,,2005,0,0,,0,0,,3,1,1,12,2015-01-01,999,2024-01-19 13:49:39,1,409315,427173,53.74087,-1.860255,
1011623,11,11001,2039407,4,2,1,10,15,1,22.0,10.5,5,,,,,Pay and Play,Public Access,Commercial Management,Commercial,1,0,1,1,1,1,1,1,1,1,2,,2005,0,1,2011,0,0,,2,1,1,12,2015-12-31,101,2024-02-29 09:53:11,1,557230,109476,50.86342,0.2328759,
1011590,11,11002,4009145,4,2,1,1,15,1,150.0,50.0,5,,,,,Pay and Play,Public Access,Not Known,Not Known,0,0,0,0,0,0,0,0,0,0,2,,2003,0,1,2006,1,0,,3,1,1,12,2008-03-01,999,2008-07-11 00:00:00,1,572751,167839,51.38331,0.4811555,
1011608,11,11001,4009204,4,2,1,10,15,1,5.0,5.0,5,,,,,Pay and Play,Public Access,Not Known,Not Known,1,1,1,1,1,1,1,1,1,1,0,,1979,0,1,2004,1,0,,3,1,1,12,2008-07-01,999,2023-12-19 16:47:27,1,615672,241181,52.0271,1.142399,
1011611,11,11001,4009211,4,2,1,1,15,1,40.0,30.0,5,,,,,Pay and Play,Public Access,Not Known,Not Known,0,0,0,0,0,0,0,0,0,0,2,,1998,0,0,,1,1,2006,3,1,1,12,2007-09-01,999,2007-11-23 00:00:00,1,355979,115637,50.93848,-2.627867,
1011611,11,11001,4009212,4,2,1,2,15,1,130.0,12.0,5,,,,,Pay and Play,Public Access,Not Known,Not Known,0,0,0,0,0,0,0,0,0,0,2,,1998,0,0,,1,1,2006,3,1,1,12,2007-09-01,999,2007-11-23 00:00:00,1,355979,115637,50.93848,-2.627867,
1011611,11,11001,4009213,4,2,1,2,15,1,110.0,15.0,5,,,,,Pay and Play,Public Access,Not Known,Not Known,0,0,0,0,0,0,0,0,0,0,2,,1998,0,0,,1,1,2006,3,1,1,12,2007-09-01,999,2007-11-23 00:00:00,1,355979,115637,50.93848,-2.627867,
1011611,11,11001,4009214,4,2,1,3,15,1,130.0,20.0,5,,,,,Pay and Play,Public Access,Not Known,Not Known,0,0,0,0,0,0,0,0,0,0,2,,1998,0,0,,1,1,2006,3,1,1,12,2007-09-01,999,2007-11-23 00:00:00,1,355979,115637,50.93848,-2.627867,
1011611,11,11001,4009215,4,2,1,10,15,1,110.0,15.0,5,,,,,Pay and Play,Public Access,Not Known,Not Known,0,0,0,0,0,0,0,0,0,0,2,,1998,0,0,,1,1,2006,3,1,1,12,2007-09-01,999,2007-11-23 00:00:00,1,355979,115637,50.93848,-2.627867,
1004520,11,11001,2009107,4,2,1,2,15,1,60.0,20.0,5,,,,,Pay and Play,Public Access,Trust,Trust,1,1,1,1,1,1,1,1,1,1,1,,1972,0,1,2004,1,0,,2,1,1,12,2024-07-31,201,2024-07-31 10:05:34,1,621978,136742,51.08703,1.168284,
1004848,11,11001,2009108,4,2,1,1,15,1,85.0,18.0,5,,,,,Pay and Play,Public Access,Commercial Management,Commercial,1,1,1,1,1,1,1,1,1,1,0,,1985,0,1,2007,1,0,,2,1,1,12,2020-07-14,201,2020-08-04 19:37:40,1,484513,169110,51.41472,-0.7861114,
1004848,11,11001,2009109,4,2,1,2,15,1,145.0,18.0,5,,,,,Registered Membership use,Public Access,Commercial Management,Commercial,1,1,1,1,1,1,1,1,1,1,0,,1985,0,1,2007,1,0,,2,1,1,12,2020-07-14,201,2020-08-04 19:37:40,1,484513,169110,51.41472,-0.7861114,
1004848,11,11001,2009110,4,2,1,3,15,1,180.0,0.0,5,,,,,Pay and Play,Public Access,Commercial Management,Commercial,1,1,1,1,1,1,1,1,1,1,2,,1985,0,1,2012,1,0,,2,1,1,12,2020-07-14,201,2020-08-04 19:37:40,1,484513,169110,51.41472,-0.7861114,
1011580,11,11001,2009117,4,2,1,1,15,1,40.0,12.0,5,,,2012-10-01,,Pay and Play,Public Access,Local Authority (in house),Local Authority,0,1,1,1,1,1,1,1,1,1,2,Parking: Dedicated parking bays,1989,0,1,1999,1,1,1998,2,1,1,12,2016-03-31,999,2016-05-10 09:19:26,1,422097,561793,54.95031,-1.656536,
1011583,11,11001,2009128,4,2,1,10,15,1,70.0,25.0,5,,,,,Pay and Play,Public Access,Not Known,Not Known,0,0,0,0,0,0,0,0,0,0,2,,2011,0,0,,1,0,,2,1,1,12,2016-04-13,999,2024-03-04 15:24:57,1,559003,191244,51.5976,0.2942997,
1011582,11,11001,2009121,3,0,1,3,20,1,180.0,25.0,3,Diamond/carpet mat hybrid surface.,,,,Pay and Play,Public Access,Commercial Management,Commercial,1,0,1,1,1,1,1,1,1,1,0,"Finding/Reaching Entrance: Ramp, Reception Area: Ramp Access",1973,0,1,2012,0,0,,2,1,1,12,,,2025-03-04 12:22:54,1,380317,423076,53.70375,-2.299632,
1011582,11,11001,2009122,1,0,1,2,20,1,75.0,18.0,3,,,,,Pay and Play,Public Access,Commercial Management,Commercial,1,0,1,1,1,1,1,1,1,1,0,"Finding/Reaching Entrance: Ramp, Reception Area: Ramp Access",1973,0,1,2016,1,1,2016,2,1,1,12,,,2025-03-04 12:22:54,1,380317,423076,53.70375,-2.299632,
1011598,11,11001,2009172,3,0,1,1,20,1,50.0,30.0,3,,,,,Pay and Play,Public Access,Commercial Management,Commercial,0,0,1,1,1,1,0,0,0,0,0,,1987,0,1,2010,1,0,,2,1,1,12,,,2025-01-16 16:15:19,1,430395,319257,52.77007,-1.550925,
1011598,11,11001,2009173,3,0,1,3,21,1,145.0,24.0,3,"Big refurb 2019, totally resurfaced. To be finished July 2019",,,,Pay and Play,Public Access,Commercial Management,Commercial,0,0,1,1,1,1,0,0,0,0,0,,1987,0,1,2019,1,0,,2,1,1,12,,,2025-01-16 16:15:19,1,430395,319257,52.77007,-1.550925,
1011614,11,11003,2009225,3,0,2,1,22,,20.0,10.0,3,,,,,Pay and Play,Public Access,Commercial Management,Commercial,1,1,1,1,1,1,1,1,1,1,0,,2002,0,1,2013,1,1,2013,2,1,1,12,,,2025-03-03 11:59:32,1,420970,303556,52.62938,-1.691613,
1011614,11,11003,2009227,3,0,1,2,22,,170.0,30.0,3,,,,,Pay and Play,Public Access,Commercial Management,Commercial,1,1,1,1,1,1,1,1,1,1,0,,1994,0,1,2013,1,1,2013,2,1,1,12,,,2025-03-03 11:59:32,1,420970,303556,52.62938,-1.691613,
1011626,11,11001,2009242,3,0,1,10,20,1,45.0,4.0,3,Tubing slope,,,,Pay and Play,Public Access,Commercial Management,Commercial,1,1,1,1,1,1,1,1,1,1,0,Finding/Reaching Entrance: Ramp,1988,0,0,,1,0,,2,1,1,12,,,2025-01-16 15:18:49,1,412879,99452,50.79448,-1.818617,
1011626,11,11001,2009243,3,0,1,2,20,1,60.0,5.0,3,,,,,Pay and Play,Public Access,Commercial Management,Commercial,1,1,1,1,1,1,1,1,1,1,0,Finding/Reaching Entrance: Ramp,1988,0,1,2014,1,1,2014,2,1,1,12,,,2025-01-16 15:18:49,1,412879,99452,50.79448,-1.818617,
1011626,11,11001,2009244,3,0,1,3,20,1,110.0,45.0,3,,,,,Pay and Play,Public Access,Commercial Management,Commercial,1,1,1,1,1,1,1,1,1,1,0,Finding/Reaching Entrance: Ramp,1988,0,1,2014,1,1,2014,2,1,1,12,,,2025-01-16 15:18:49,1,412879,99452,50.79448,-1.818617,
1011692,11,11001,2009251,3,0,1,1,21,1,60.0,10.0,3,,Everyone Active,,,Pay and Play,Public Access,Commercial Management,Commercial,1,1,1,1,1,1,1,1,1,1,0,,1982,0,1,2007,1,0,,2,1,1,12,,,2025-01-16 14:48:39,1,437757,554157,54.88076,-1.413056,
1011692,11,11001,2009252,3,0,1,1,21,1,65.0,20.0,3,,Everyone Active,,,Pay and Play,Public Access,Commercial Management,Commercial,1,1,1,1,1,1,1,1,1,1,0,,1982,0,1,2007,1,0,,2,1,1,12,,,2025-01-16 14:48:39,1,437757,554157,54.88076,-1.413056,
1011692,11,11001,2009253,3,0,1,3,21,1,160.0,16.0,3,,Everyone Active,,,Pay and Play,Public Access,Commercial Management,Commercial,1,1,1,1,1,1,1,1,1,1,0,,1982,0,1,1999,1,0,,2,1,1,12,,,2025-01-16 14:48:39,1,437757,554157,54.88076,-1.413056,
1011579,11,11001,2039411,3,0,1,10,21,1,30.0,10.0,3,Tobogganing slope ,,,,Pay and Play,Public Access,Trust,Trust,1,1,1,1,1,1,1,1,1,1,0,,2005,0,1,2018,1,1,2018,2,1,1,12,,,2025-12-17 10:40:07,1,410153,284471,52.45811,-1.852003,
1011591,11,11003,2082286,3,0,1,1,22,,100.0,32.0,3,Opening times change monthly. ,,,,Pay and Play,Public Access,Commercial Management,Commercial,1,1,1,1,1,1,1,1,1,1,0,,2009,0,0,,1,0,,2,1,1,12,,,2025-01-16 11:11:41,1,506546,206275,51.74506,-0.4581183,
1011591,11,11003,2082287,1,0,2,2,22,,160.0,32.0,3,Opening times change monthly. ,,,,Pay and Play,Public Access,Commercial Management,Commercial,1,1,1,1,1,1,1,1,1,1,0,,2009,0,0,,1,0,,2,1,1,12,,,2025-01-16 11:11:41,1,506546,206275,51.74506,-0.4581183,
1208165,11,11001,4114484,3,0,1,1,21,1,42.0,10.0,3,,,,,Sports Club / Community Association,Public Access,School/College/University (in house),Education,1,1,1,1,1,1,1,0,0,1,0,No DA to first floor,2007,0,0,,1,0,,2,1,1,12,,,2025-08-05 14:28:21,1,382823,279912,52.41694,-2.253977,
